date_time,ecmwf_wind,wind_obs
2023/5/2 0:00,4.0562916,12.107675
2023/5/2 6:00,6.859896,9.56115
2023/5/2 12:00,5.7338557,7.378416667
2023/5/2 18:00,7.029685,7.276366667
2023/5/3 0:00,6.695128,5.385275
2023/5/3 6:00,7.313694,4.507629167
2023/5/3 12:00,3.18149,4.074933333
2023/5/3 18:00,3.0157266,6.401254167
2023/5/4 0:00,2.6843002,6.743008333
2023/5/4 6:00,4.3208675,7.476466667
2023/5/4 12:00,1.7107501,7.19445
2023/5/4 18:00,3.6739473,6.313125
2023/5/5 0:00,4.455652,7.2153625
2023/5/5 6:00,4.6454644,6.6081125
2023/5/5 12:00,4.072303,7.820058333
2023/5/5 18:00,4.319942,4.624320833
2023/5/6 0:00,4.4179797,9.85985
2023/5/6 6:00,6.2822366,8.620770833
2023/5/6 12:00,3.8584156,7.542420833
2023/5/6 18:00,4.290216,2.333704167
2023/5/7 0:00,4.869043,5.022604167
2023/5/7 6:00,7.9011817,5.013633333
2023/5/7 12:00,5.0239134,4.74785
2023/5/7 18:00,3.822985,6.5656625
2023/5/8 0:00,4.641477,3.9230125
2023/5/8 6:00,4.763666,2.515370833
2023/5/8 12:00,2.0733902,2.4572375
2023/5/8 18:00,1.531742,3.1527875
2023/5/9 0:00,1.1281258,5.297041667
2023/5/9 6:00,1.75272,3.606170833
2023/5/9 12:00,2.4362483,2.158733333
2023/5/9 18:00,2.2825763,3.220666667
2023/5/10 0:00,1.4022703,2.473120833
2023/5/10 6:00,1.868847,1.771275
2023/5/10 12:00,0.63037837,3.086595833
2023/5/10 18:00,1.3770164,3.721770833
2023/5/11 0:00,0.22890243,2.903929167
2023/5/11 6:00,1.9792117,1.682595833
2023/5/11 12:00,1.9712679,2.960966667
2023/5/11 18:00,1.4241209,5.779458333
2023/5/12 0:00,0.23670235,8.491545833
2023/5/12 6:00,2.2426476,9.068229167
2023/5/12 12:00,2.520321,10.16015833
2023/5/12 18:00,3.807554,8.163483333
2023/5/13 0:00,4.476721,6.023108333
2023/5/13 6:00,5.8111205,4.042275
2023/5/13 12:00,4.2218733,1.748070833
2023/5/13 18:00,1.4089934,5.114058333
2023/5/14 0:00,2.8960714,7.064941667
2023/5/14 6:00,2.0307636,8.809783333
2023/5/14 12:00,1.772294,4.789675
2023/5/14 18:00,3.0674446,5.952183333
2023/5/15 0:00,3.1042347,6.6382
2023/5/15 6:00,4.810468,6.670433333
2023/5/15 12:00,3.6799126,7.584995833
2023/5/15 18:00,5.1518435,12.14440833
2023/5/16 0:00,3.2178798,11.63667083
2023/5/16 6:00,5.602029,10.65067917
2023/5/16 12:00,5.725928,10.23774583
2023/5/16 18:00,6.6013193,10.79144167
2023/5/17 0:00,6.4258256,9.308558333
2023/5/17 6:00,8.660613,5.735679167
2023/5/17 12:00,6.7424235,5.335920833
2023/5/17 18:00,5.881404,8.3517125
2023/5/18 0:00,3.3209383,6.5196625
2023/5/18 6:00,4.655821,5.462270833
2023/5/18 12:00,4.640138,3.097625
2023/5/18 18:00,2.784099,5.349445833
2023/5/19 0:00,4.1720576,4.086529167
2023/5/19 6:00,2.205298,7.517208333
2023/5/19 12:00,2.8698337,8.778191667
2023/5/19 18:00,3.2489831,8.220254167
2023/5/20 0:00,5.2415147,4.467204167
2023/5/20 6:00,6.692526,7.4177875
2023/5/20 12:00,5.7377796,3.683341667
2023/5/20 18:00,3.11598,2.839666667
2023/5/21 0:00,5.307602,4.0884
2023/5/21 6:00,3.5474756,6.112958333
2023/5/21 12:00,1.6992227,5.1679375
2023/5/21 18:00,2.5936594,2.595291667
2023/5/22 0:00,3.8335447,4.720341667
2023/5/22 6:00,3.7890506,2.549958333
2023/5/22 12:00,1.900714,1.920804167
2023/5/22 18:00,0.87098044,3.316725
2023/5/23 0:00,1.4831637,6.391570833
2023/5/23 6:00,1.8178378,4.217791667
2023/5/23 12:00,0.6342389,4.995725
2023/5/23 18:00,2.5859,5.668795833
2023/5/24 0:00,1.4174886,7.596629167
2023/5/24 6:00,3.4752703,10.493975
2023/5/24 12:00,3.7044134,10.7148875
2023/5/24 18:00,3.8439734,9.7746875
2023/5/25 0:00,5.344086,10.5560625
2023/5/25 6:00,8.263616,12.41842083
2023/5/25 12:00,5.5968466,9.4329875
2023/5/25 18:00,5.3555994,5.726625
2023/5/26 0:00,4.3102064,5.347266667
2023/5/26 6:00,5.8385634,2.2695875
2023/5/26 12:00,4.227794,1.751554167
2023/5/26 18:00,2.8208652,1.901075
2023/5/27 0:00,1.4483145,1.978729167
2023/5/27 6:00,2.1104832,7.480445833
2023/5/27 12:00,2.3801801,6.097591667
2023/5/27 18:00,2.2783453,5.882604167
2023/5/28 0:00,2.7528749,5.7115875
2023/5/28 6:00,4.0354877,5.723329167
2023/5/28 12:00,2.9937868,3.975108333
2023/5/28 18:00,3.7070434,3.7588875
2023/5/29 0:00,5.102012,2.859458333
2023/5/29 6:00,3.642555,4.8798375
2023/5/29 12:00,1.9872898,5.273391667
2023/5/29 18:00,2.3698049,5.038366667
2023/5/30 0:00,2.4194503,4.120041667
2023/5/30 6:00,5.387537,4.6097125
2023/5/30 12:00,3.3254848,3.1201375
2023/5/30 18:00,1.7348665,3.00305
2023/5/31 0:00,2.4890158,1.43235
2023/5/31 6:00,2.1808815,1.323833333
2023/5/31 12:00,2.5936217,2.1408
2023/5/31 18:00,1.4068009,4.619858333
2023/6/1 0:00,0.93658066,6.302808333
2023/6/1 6:00,2.929388,4.317
2023/6/1 12:00,3.3994412,6.465008333
2023/6/1 18:00,3.2765498,8.7550375
2023/6/2 0:00,2.921164,9.432804167
2023/6/2 6:00,3.9757135,7.787933333
2023/6/2 12:00,2.5518432,4.381720833
2023/6/2 18:00,4.627051,4.2362375
2023/6/3 0:00,4.1970816,4.284795833
2023/6/3 6:00,3.3378432,3.610516667
2023/6/3 12:00,1.6157354,5.280933333
2023/6/3 18:00,2.1305933,9.115129167
2023/6/4 0:00,1.6404699,10.74305
2023/6/4 6:00,2.8957422,8.303016667
2023/6/4 12:00,2.60762,6.582745833
2023/6/4 18:00,2.8536894,7.4330875
2023/6/5 0:00,1.9913409,8.0189875
2023/6/5 6:00,3.5658493,6.4462625
2023/6/5 12:00,3.0961556,6.966220833
2023/6/5 18:00,3.7625015,10.46694167
2023/6/6 0:00,3.3670545,10.2098125
2023/6/6 6:00,4.634077,4.191445833
2023/6/6 12:00,4.693171,3.6441
2023/6/6 18:00,3.6249397,3.6441
2023/6/7 0:00,1.8842319,3.6441
2023/6/7 6:00,2.1108487,3.6441
2023/6/7 12:00,2.3816187,3.6441
2023/6/7 18:00,4.279181,3.6441
2023/6/8 0:00,4.382146,3.6441
2023/6/8 6:00,4.9085817,3.6441
2023/6/8 12:00,5.3425894,3.6441
2023/6/8 18:00,4.0763855,3.6441
2023/6/9 0:00,2.026714,3.6441
2023/6/9 6:00,0.96917987,3.6441
2023/6/9 12:00,2.1318526,3.6441
2023/6/9 18:00,2.8802378,5.603529167
2023/6/10 0:00,2.136123,6.403395833
2023/6/10 6:00,3.192786,4.4875
2023/6/10 12:00,2.4765627,5.3143
2023/6/10 18:00,2.0289843,6.259816667
2023/6/11 0:00,2.119063,5.4435
2023/6/11 6:00,3.2080562,2.8714625
2023/6/11 12:00,3.4664128,3.923483333
2023/6/11 18:00,2.282584,8.100745833
2023/6/12 0:00,4.5870585,5.858895833
2023/6/12 6:00,2.0610926,3.539245833
2023/6/12 12:00,3.885175,2.188266667
2023/6/12 18:00,1.5891765,2.312875
2023/6/13 0:00,1.8016361,3.974504167
2023/6/13 6:00,1.9882706,2.351195833
2023/6/13 12:00,1.4515697,4.488116667
2023/6/13 18:00,1.5421363,6.085925
2023/6/14 0:00,1.9516805,5.657895833
2023/6/14 6:00,2.600347,3.611566667
2023/6/14 12:00,3.3495703,2.717379167
2023/6/14 18:00,2.07244,5.0951625
2023/6/15 0:00,1.9501343,8.515266667
2023/6/15 6:00,1.182314,6.177604167
2023/6/15 12:00,2.1590002,4.476183333
2023/6/15 18:00,3.040324,7.398479167
2023/6/16 0:00,2.4502678,8.249016667
2023/6/16 6:00,3.289614,4.998691667
2023/6/16 12:00,2.129768,3.439791667
2023/6/16 18:00,3.4045238,2.3786875
2023/6/17 0:00,2.9936237,5.224591667
2023/6/17 6:00,3.1146674,3.970583333
2023/6/17 12:00,2.1427107,3.519320833
2023/6/17 18:00,2.1280117,7.464604167
2023/6/18 0:00,1.631351,5.917641667
2023/6/18 6:00,2.0280035,3.528795833
2023/6/18 12:00,2.353663,5.305366667
2023/6/18 18:00,2.853214,5.022791667
2023/6/19 0:00,1.8260751,4.844204167
2023/6/19 6:00,1.202846,3.391933333
2023/6/19 12:00,2.374594,3.774891667
2023/6/19 18:00,1.5671519,2.324533333
2023/6/20 0:00,0.40699896,1.391858333
2023/6/20 6:00,2.5116642,1.532925
2023/6/20 12:00,1.6273334,2.510445833
2023/6/20 18:00,0.30760452,1.307020833
2023/6/21 0:00,1.0574749,5.9653
2023/6/21 6:00,1.3677814,3.334020833
2023/6/21 12:00,1.4612697,4.2749875
2023/6/21 18:00,1.3172908,2.796
2023/6/22 0:00,1.2602502,5.049704167
2023/6/22 6:00,3.1642652,4.697233333
2023/6/22 12:00,1.9569696,4.6786
2023/6/22 18:00,2.346474,5.981179167
2023/6/23 0:00,1.6994098,6.316466667
2023/6/23 6:00,2.8374112,5.694258333
2023/6/23 12:00,2.2585297,7.2904
2023/6/23 18:00,2.9674244,7.5328875
2023/6/24 0:00,2.4072216,7.273504167
2023/6/24 6:00,5.1611857,4.219570833
2023/6/24 12:00,2.640023,4.011683333
2023/6/24 18:00,2.2105157,7.844645833
2023/6/25 0:00,2.0783305,4.941808333
2023/6/25 6:00,2.275828,3.15665
2023/6/25 12:00,1.3355635,6.4667875
2023/6/25 18:00,3.6514137,5.484654167
2023/6/26 0:00,2.6501753,3.576675
2023/6/26 6:00,2.2725105,1.3860125
2023/6/26 12:00,2.6189075,3.279641667
2023/6/26 18:00,3.0979786,3.376
2023/6/27 0:00,0.7205941,7.206020833
2023/6/27 6:00,1.5226598,3.364891667
2023/6/27 12:00,1.8552501,4.533970833
2023/6/27 18:00,4.1069574,6.528833333
2023/6/28 0:00,5.327538,9.571945833
2023/6/28 6:00,4.272034,7.62535
2023/6/28 12:00,4.3278093,6.242354167
2023/6/28 18:00,5.76642,5.154825
2023/6/29 0:00,3.600168,5.351129167
2023/6/29 6:00,3.3194454,3.699916667
2023/6/29 12:00,2.264274,3.81915
2023/6/29 18:00,2.2157557,3.703608333
2023/6/30 0:00,3.0851111,3.442708333
2023/6/30 6:00,2.2959044,2.721066667
2023/6/30 12:00,1.8039362,3.719191667
2023/6/30 18:00,2.1524265,6.255583333
2023/7/1 0:00,2.0726497,9.407275
2023/7/1 6:00,2.303251,7.082770833
2023/7/1 12:00,2.444858,4.4471875
2023/7/1 18:00,3.3245182,5.506104167
2023/7/2 0:00,2.7108805,7.442929167
2023/7/2 6:00,3.3317254,4.029658333
2023/7/2 12:00,2.333943,2.1212125
2023/7/2 18:00,2.4035952,3.048083333
2023/7/3 0:00,2.3004034,5.6215
2023/7/3 6:00,2.153496,2.858254167
2023/7/3 12:00,1.6055884,4.333608333
2023/7/3 18:00,1.843716,4.4052625
2023/7/4 0:00,0.74738663,3.060083333
2023/7/4 6:00,1.9942243,9.2115875
2023/7/4 12:00,2.956619,4.87205
2023/7/4 18:00,2.1690495,5.854479167
2023/7/5 0:00,4.591896,10.57397083
2023/7/5 6:00,5.9283724,7.8520625
2023/7/5 12:00,1.8236052,10.8758625
2023/7/5 18:00,4.8521304,10.9153
2023/7/6 0:00,3.8981612,10.50642917
2023/7/6 6:00,6.3633966,8.334225
2023/7/6 12:00,5.1599913,9.4694625
2023/7/6 18:00,6.236963,11.11204167
2023/7/7 0:00,4.3420496,10.58
2023/7/7 6:00,5.8230577,6.9406875
2023/7/7 12:00,6.3330092,3.3647625
2023/7/7 18:00,5.7737064,5.464266667
2023/7/8 0:00,3.6386814,4.0965125
2023/7/8 6:00,3.3124766,2.9197125
2023/7/8 12:00,1.1106489,4.634145833
2023/7/8 18:00,2.3973866,1.9916375
2023/7/9 0:00,1.038133,2.903133333
2023/7/9 6:00,2.5551941,3.185329167
2023/7/9 12:00,1.2278063,4.6699625
2023/7/9 18:00,2.4964442,3.315870833
2023/7/10 0:00,1.0150715,8.059833333
2023/7/10 6:00,1.9264483,5.675891667
2023/7/10 12:00,1.332101,5.398566667
2023/7/10 18:00,2.6426382,9.299770833
2023/7/11 0:00,2.8846452,7.186479167
2023/7/11 6:00,3.9903765,4.402833333
2023/7/11 12:00,3.4410684,3.2522625
2023/7/11 18:00,2.2913876,6.058208333
2023/7/12 0:00,2.8643384,4.761279167
2023/7/12 6:00,1.1973383,5.735391667
2023/7/12 12:00,1.7469262,6.179883333
2023/7/12 18:00,1.9824542,3.4808125
2023/7/13 0:00,4.1154366,3.318341667
2023/7/13 6:00,2.8586743,4.05975
2023/7/13 12:00,2.3141127,3.428533333
2023/7/13 18:00,1.2299637,1.269908333
2023/7/14 0:00,2.8729115,4.4687375
2023/7/14 6:00,2.9775531,5.8460375
2023/7/14 12:00,1.2301399,6.549254167
2023/7/14 18:00,1.0033649,5.5132125
2023/7/15 0:00,3.000056,8.6521375
2023/7/15 6:00,5.0064564,5.579908333
2023/7/15 12:00,2.1612453,5.690866667
2023/7/15 18:00,3.7392852,5.587375
2023/7/16 0:00,3.287252,3.325716667
2023/7/16 6:00,4.269221,3.9819625
2023/7/16 12:00,1.5863677,3.016954167
2023/7/16 18:00,1.4865988,4.041754167
2023/7/17 0:00,2.1173186,4.120479167
2023/7/17 6:00,2.4024613,2.4199
2023/7/17 12:00,2.1018927,4.582558333
2023/7/17 18:00,1.9400412,6.098533333
2023/7/18 0:00,1.5660545,5.850370833
2023/7/18 6:00,3.7049599,2.284595833
2023/7/18 12:00,2.4068727,2.843954167
2023/7/18 18:00,2.2114604,4.211870833
2023/7/19 0:00,0.94789976,4.3137625
2023/7/19 6:00,1.8942903,3.222933333
2023/7/19 12:00,2.0798888,2.314408333
2023/7/19 18:00,1.9448241,4.669170833
2023/7/20 0:00,1.5797051,6.285358333
2023/7/20 6:00,1.8380338,4.0652875
2023/7/20 12:00,1.960581,4.009279167
2023/7/20 18:00,2.7306538,4.585725
2023/7/21 0:00,1.8985012,6.1773
2023/7/21 6:00,2.710289,5.2358875
2023/7/21 12:00,2.303791,5.805629167
2023/7/21 18:00,1.7163374,2.332216667
2023/7/22 0:00,2.392481,3.656404167
2023/7/22 6:00,2.578981,3.4391
2023/7/22 12:00,0.5897307,3.762170833
2023/7/22 18:00,1.084724,1.806508333
2023/7/23 0:00,2.6240165,1.997370833
2023/7/23 6:00,2.6324813,1.5019125
2023/7/23 12:00,1.1487203,1.5395875
2023/7/23 18:00,0.8623434,4.4143625
2023/7/24 0:00,0.5860642,4.772829167
2023/7/24 6:00,1.0376265,2.780916667
2023/7/24 12:00,1.7428114,3.5803625
2023/7/24 18:00,1.8388541,6.099729167
2023/7/25 0:00,1.8685776,6.572191667
2023/7/25 6:00,2.904035,2.383891667
2023/7/25 12:00,1.9332641,1.9005375
2023/7/25 18:00,2.1405118,2.868675
2023/7/26 0:00,1.6269455,2.920829167
2023/7/26 6:00,1.1516216,2.2586625
2023/7/26 12:00,1.9905267,1.9459625
2023/7/26 18:00,1.6652267,4.201445833
2023/7/27 0:00,0.9750176,5.063545833
2023/7/27 6:00,1.6885078,3.8175
2023/7/27 12:00,2.186481,1.93155
2023/7/27 18:00,1.4082962,2.220054167
2023/7/28 0:00,1.7710304,3.32305
2023/7/28 6:00,1.403523,2.022354167
2023/7/28 12:00,1.6907512,4.161004167
2023/7/28 18:00,2.1380265,4.646458333
2023/7/29 0:00,0.57419574,4.075858333
2023/7/29 6:00,1.4818091,4.909254167
2023/7/29 12:00,3.2757733,6.528354167
2023/7/29 18:00,1.6593305,9.940275
2023/7/30 0:00,2.4315784,9.9456125
2023/7/30 6:00,3.4419806,8.470270833
2023/7/30 12:00,5.038591,6.713308333
2023/7/30 18:00,4.6256943,7.128808333
2023/7/31 0:00,5.366428,7.342954167
2023/7/31 6:00,4.819232,5.993441667
2023/7/31 12:00,4.830034,5.337970833
2023/7/31 18:00,3.739936,7.084825
2023/8/1 0:00,4.2042,5.8779625
2023/8/1 6:00,3.9537718,4.195095833
2023/8/1 12:00,2.9062345,4.425183333
2023/8/1 18:00,2.5747457,4.573833333
2023/8/2 0:00,2.5446699,7.075358333
2023/8/2 6:00,3.0851047,6.498845833
2023/8/2 12:00,1.765577,6.594141667
2023/8/2 18:00,2.4676228,6.846795833
2023/8/3 0:00,3.3681695,8.807383333
2023/8/3 6:00,4.283211,7.933533333
2023/8/3 12:00,3.0647,7.169029167
2023/8/3 18:00,4.0710573,6.829620833
2023/8/4 0:00,4.2613645,8.7527125
2023/8/4 6:00,5.134816,7.560229167
2023/8/4 12:00,3.1272063,6.135520833
2023/8/4 18:00,4.2462068,6.294779167
2023/8/5 0:00,4.0189285,6.047175
2023/8/5 6:00,3.7465484,6.081858333
2023/8/5 12:00,1.7266259,2.742754167
2023/8/5 18:00,1.6589139,5.134583333
2023/8/6 0:00,2.0665815,6.463133333
2023/8/6 6:00,3.4029043,7.191783333
2023/8/6 12:00,3.2883158,4.539470833
2023/8/6 18:00,3.7458334,5.442045833
2023/8/7 0:00,4.3601418,4.2040125
2023/8/7 6:00,3.9837992,3.3390125
2023/8/7 12:00,2.7835238,2.928808333
2023/8/7 18:00,1.5198916,4.834804167
2023/8/8 0:00,1.8801951,5.231983333
2023/8/8 6:00,1.9967998,2.732483333
2023/8/8 12:00,2.3190396,3.018404167
2023/8/8 18:00,1.5647439,4.1947875
2023/8/9 0:00,1.297659,4.588920833
2023/8/9 6:00,2.1757278,2.5792625
2023/8/9 12:00,1.7701963,4.316654167
2023/8/9 18:00,1.5464411,5.421091667
2023/8/10 0:00,0.8696136,4.077404167
2023/8/10 6:00,3.8079562,4.280108333
2023/8/10 12:00,2.6740713,3.577004167
2023/8/10 18:00,1.8640943,5.21875
2023/8/11 0:00,2.0779023,3.959420833
2023/8/11 6:00,2.9562275,2.536179167
2023/8/11 12:00,2.440276,2.6174875
2023/8/11 18:00,1.886422,2.5492875
2023/8/12 0:00,1.361146,6.300958333
2023/8/12 6:00,1.6704657,5.199383333
2023/8/12 12:00,1.4543558,4.527841667
2023/8/12 18:00,1.4850277,3.906666667
2023/8/13 0:00,3.2111456,4.242691667
2023/8/13 6:00,4.4755697,2.283054167
2023/8/13 12:00,2.3371124,1.805945833
2023/8/13 18:00,1.2411172,2.453220833
2023/8/14 0:00,1.3100064,3.294629167
2023/8/14 6:00,1.977979,1.258708333
2023/8/14 12:00,1.7569898,1.476666667
2023/8/14 18:00,1.5964333,1.801833333
2023/8/15 0:00,0.56653774,2.5793375
2023/8/15 6:00,1.8005347,3.257233333
2023/8/15 12:00,1.5297649,1.7567875
2023/8/15 18:00,1.9943458,1.970495833
2023/8/16 0:00,1.184,3.793608333
2023/8/16 6:00,1.8465905,3.335366667
2023/8/16 12:00,2.1575906,3.3561875
2023/8/16 18:00,1.7975361,3.396479167
2023/8/17 0:00,1.1723267,2.499516667
2023/8/17 6:00,2.3399634,1.886466667
2023/8/17 12:00,1.9305301,1.0289125
2023/8/17 18:00,1.8853146,1.0678625
2023/8/18 0:00,0.42045116,3.412554167
2023/8/18 6:00,0.6494062,3.514095833
2023/8/18 12:00,1.3443116,1.459829167
2023/8/18 18:00,2.0338767,1.846679167
2023/8/19 0:00,1.414646,2.217029167
2023/8/19 6:00,0.8205639,1.721995833
2023/8/19 12:00,1.0702968,1.728495833
2023/8/19 18:00,1.2398152,1.68745
2023/8/20 0:00,0.50512356,2.391125
2023/8/20 6:00,1.5173812,2.727208333
2023/8/20 12:00,2.2654378,3.428404167
2023/8/20 18:00,0.899798,6.492975
2023/8/21 0:00,1.471606,5.366958333
2023/8/21 6:00,1.4151229,1.704625
2023/8/21 12:00,0.80600554,1.7934
2023/8/21 18:00,1.2279731,1.8477375
2023/8/22 0:00,0.72448796,2.180758333
2023/8/22 6:00,1.2487433,4.1836375
2023/8/22 12:00,1.3270385,3.143316667
2023/8/22 18:00,1.6825423,2.361516667
2023/8/23 0:00,1.9864509,3.023395833
2023/8/23 6:00,3.0917413,3.916779167
2023/8/23 12:00,2.1997583,2.855470833
2023/8/23 18:00,1.8036902,3.682954167
2023/8/24 0:00,1.8480197,7.395558333
2023/8/24 6:00,2.320539,5.74435
2023/8/24 12:00,1.8154074,3.261120833
2023/8/24 18:00,1.7688653,3.963954167
2023/8/25 0:00,2.5667348,2.126375
2023/8/25 6:00,0.57048196,1.404020833
2023/8/25 12:00,1.4599906,1.532454167
2023/8/25 18:00,1.4293474,3.004408333
2023/8/26 0:00,0.37839386,5.625145833
2023/8/26 6:00,0.59243524,6.214425
2023/8/26 12:00,1.5530838,5.934991667
2023/8/26 18:00,1.9328111,3.6199
2023/8/27 0:00,3.1933632,6.561904167
2023/8/27 6:00,3.6027064,5.400175
2023/8/27 12:00,2.273933,4.659779167
2023/8/27 18:00,2.2965574,4.9645625
2023/8/28 0:00,3.944916,7.01905
2023/8/28 6:00,4.232166,8.8723
2023/8/28 12:00,3.5033782,8.141133333
2023/8/28 18:00,3.9517589,4.95985
2023/8/29 0:00,3.910193,2.224854167
2023/8/29 6:00,6.315261,2.799904167
2023/8/29 12:00,2.1338418,2.87485
2023/8/29 18:00,2.2065613,3.406479167
2023/8/30 0:00,2.262153,3.92835
2023/8/30 6:00,2.6042957,1.826075
2023/8/30 12:00,2.0838647,1.406220833
2023/8/30 18:00,1.4238555,2.888533333
2023/8/31 0:00,0.55302113,5.731404167
2023/8/31 6:00,0.7698056,7.385166667
2023/8/31 12:00,2.1076279,6.668629167
2023/8/31 18:00,2.4049084,5.348554167
2023/9/1 0:00,3.2031348,3.417183333
2023/9/1 6:00,5.078605,3.0779625
2023/9/1 12:00,2.1193259,2.536895833
2023/9/1 18:00,1.7099755,3.338595833
2023/9/2 0:00,1.1812835,3.886370833
2023/9/2 6:00,1.7734001,3.5762125
2023/9/2 12:00,1.441413,1.921041667
2023/9/2 18:00,1.505394,4.285675
2023/9/3 0:00,1.8990217,5.424158333
2023/9/3 6:00,2.407888,6.088054167
2023/9/3 12:00,1.8430333,4.542741667
2023/9/3 18:00,2.217553,4.415833333
2023/9/4 0:00,2.3855796,4.334329167
2023/9/4 6:00,3.8790078,3.296716667
2023/9/4 12:00,1.7812723,1.447220833
2023/9/4 18:00,1.6991044,2.009491667
2023/9/5 0:00,1.2986972,2.809233333
2023/9/5 6:00,0.8637594,2.315754167
2023/9/5 12:00,1.890743,2.966258333
2023/9/5 18:00,1.1931248,5.202075
2023/9/6 0:00,1.2261409,4.366195833
2023/9/6 6:00,2.9007316,2.191179167
2023/9/6 12:00,2.8669674,2.1527375
2023/9/6 18:00,1.6336408,4.273283333
2023/9/7 0:00,1.0019994,5.194995833
2023/9/7 6:00,1.4321792,2.3013875
2023/9/7 12:00,1.8606038,1.627941667
2023/9/7 18:00,1.7279145,1.952054167
2023/9/8 0:00,1.2875326,2.2913625
2023/9/8 6:00,1.9700353,3.918441667
2023/9/8 12:00,1.3785502,1.756629167
2023/9/8 18:00,2.0557067,3.6839125
2023/9/9 0:00,1.4577372,2.948845833
2023/9/9 6:00,1.2807635,3.682316667
2023/9/9 12:00,1.644354,2.7713625
2023/9/9 18:00,1.5256786,5.991475
2023/9/10 0:00,1.0492411,5.965070833
2023/9/10 6:00,1.4062316,2.166308333
2023/9/10 12:00,3.1638389,1.6415625
2023/9/10 18:00,2.5377984,1.67715
2023/9/11 0:00,1.5084199,1.349504167
2023/9/11 6:00,1.0208,1.5432875
2023/9/11 12:00,1.1205117,1.6604375
2023/9/11 18:00,1.4056301,2.197025
2023/9/12 0:00,0.82706225,3.831920833
2023/9/12 6:00,0.907068,4.7218875
2023/9/12 12:00,1.696068,6.255766667
2023/9/12 18:00,1.3106649,6.725708333
2023/9/13 0:00,2.1407516,4.978216667
2023/9/13 6:00,4.2255096,4.432075
2023/9/13 12:00,2.6254983,3.212058333
2023/9/13 18:00,2.0602722,4.310308333
2023/9/14 0:00,2.269152,5.568958333
2023/9/14 6:00,2.5796309,3.363029167
2023/9/14 12:00,2.1154356,2.430354167
2023/9/14 18:00,1.8433274,3.868
2023/9/15 0:00,1.5255946,3.4596
2023/9/15 6:00,2.0941656,4.282329167
2023/9/15 12:00,2.0345485,2.4434375
2023/9/15 18:00,1.961059,2.5245625
2023/9/16 0:00,1.9385769,3.4340875
2023/9/16 6:00,2.1692524,4.419270833
2023/9/16 12:00,2.3664558,2.8893375
2023/9/16 18:00,1.8639096,2.358933333
2023/9/17 0:00,1.6666763,2.783366667
2023/9/17 6:00,2.1266015,4.827533333
2023/9/17 12:00,1.6028547,4.371404167
2023/9/17 18:00,1.8646975,6.300070833
2023/9/18 0:00,1.978498,8.5694
2023/9/18 6:00,3.1600325,6.846791667
2023/9/18 12:00,2.2594578,3.019125
2023/9/18 18:00,3.2329845,3.77125
2023/9/19 0:00,2.3891149,3.4932625
2023/9/19 6:00,3.0578358,4.2259875
2023/9/19 12:00,3.1871483,8.857954167
2023/9/19 18:00,1.3766675,4.224654167
2023/9/20 0:00,2.9025667,6.1346
2023/9/20 6:00,4.5543184,6.578183333
2023/9/20 12:00,5.414359,5.477783333
2023/9/20 18:00,5.324117,4.309708333
2023/9/21 0:00,3.6893563,2.453404167
2023/9/21 6:00,5.021228,3.076079167
2023/9/21 12:00,1.6362104,3.81375
2023/9/21 18:00,1.2302753,5.6155
2023/9/22 0:00,1.9872702,8.0690625
2023/9/22 6:00,2.485842,5.835170833
2023/9/22 12:00,2.6483743,2.2810625
2023/9/22 18:00,2.8422973,4.765391667
2023/9/23 0:00,3.0216348,8.723975
2023/9/23 6:00,1.7259322,6.369966667
2023/9/23 12:00,1.4535819,4.840445833
2023/9/23 18:00,3.0010352,7.336275
2023/9/24 0:00,2.5935948,4.264458333
2023/9/24 6:00,3.1895971,2.141633333
2023/9/24 12:00,2.7924337,2.587816667
2023/9/24 18:00,1.7798625,1.816370833
2023/9/25 0:00,1.3111708,2.7037125
2023/9/25 6:00,2.2304459,1.8094875
2023/9/25 12:00,0.9210249,1.8449125
2023/9/25 18:00,1.6475633,1.871770833
2023/9/26 0:00,0.38786292,2.470683333
2023/9/26 6:00,1.3190471,2.630191667
2023/9/26 12:00,1.4155464,3.1801375
2023/9/26 18:00,1.7234172,6.097470833
2023/9/27 0:00,1.7512574,5.296654167
2023/9/27 6:00,1.9528893,3.960391667
2023/9/27 12:00,2.1607504,3.575641667
2023/9/27 18:00,2.0706563,3.526029167
2023/9/28 0:00,3.1864958,1.560075
2023/9/28 6:00,2.0027108,2.009683333
2023/9/28 12:00,1.7732173,1.897275
2023/9/28 18:00,1.2513627,2.5830875
2023/9/29 0:00,0.78320676,4.988183333
2023/9/29 6:00,0.8211302,7.73825
2023/9/29 12:00,1.2543336,5.454104167
2023/9/29 18:00,1.8263845,7.605129167
2023/9/30 0:00,3.3706372,5.446216667
2023/9/30 6:00,3.8115892,7.42245
2023/9/30 12:00,2.4414124,4.3312625
2023/9/30 18:00,1.919312,2.770816667
2023/10/1 0:00,3.800913,2.847858333
2023/10/1 6:00,3.6603894,2.295191667
2023/10/1 12:00,1.6978409,2.79655
2023/10/1 18:00,1.9666756,2.830108333
2023/10/2 0:00,1.0943255,3.547870833
2023/10/2 6:00,1.9559801,4.8810875
2023/10/2 12:00,2.218941,4.836195833
2023/10/2 18:00,2.3457675,3.123308333
2023/10/3 0:00,2.843859,2.3198
2023/10/3 6:00,3.3480864,2.826029167
2023/10/3 12:00,1.5241327,4.218941667
2023/10/3 18:00,1.5518917,4.747020833
2023/10/4 0:00,1.8532261,4.331591667
2023/10/4 6:00,2.6258733,3.853804167
2023/10/4 12:00,2.1987188,6.840254167
2023/10/4 18:00,1.8961908,7.659425
2023/10/5 0:00,1.9759153,6.463891667
2023/10/5 6:00,5.268373,7.366733333
2023/10/5 12:00,2.475294,2.374466667
2023/10/5 18:00,3.1553876,2.863820833
2023/10/6 0:00,3.175567,2.133658333
2023/10/6 6:00,1.8649762,3.005316667
2023/10/6 12:00,1.6771573,3.180333333
2023/10/6 18:00,1.1962327,4.061645833
2023/10/7 0:00,1.5426741,5.251425
2023/10/7 6:00,2.0183346,4.515320833
2023/10/7 12:00,2.1195323,3.564125
2023/10/7 18:00,2.243913,5.6567
2023/10/8 0:00,2.187172,4.4713625
2023/10/8 6:00,2.7856548,7.339583333
2023/10/8 12:00,2.134781,5.178070833
2023/10/8 18:00,1.9221538,4.062895833
2023/10/9 0:00,3.0701725,4.796404167
2023/10/9 6:00,4.1041427,6.2704125
2023/10/9 12:00,2.0743828,5.040591667
2023/10/9 18:00,1.3916769,4.932
2023/10/10 0:00,3.3848915,2.071691667
2023/10/10 6:00,4.287435,2.813283333
2023/10/10 12:00,1.898002,2.831029167
2023/10/10 18:00,1.9478054,5.442091667
2023/10/11 0:00,1.7148752,3.7956375
2023/10/11 6:00,1.5851973,2.440508333
2023/10/11 12:00,2.2569828,1.976458333
2023/10/11 18:00,1.936226,2.407029167
2023/10/12 0:00,1.5181552,3.975183333
2023/10/12 6:00,1.2277012,3.321891667
2023/10/12 12:00,1.9490887,2.653020833
2023/10/12 18:00,1.8211894,4.177445833
2023/10/13 0:00,1.6625504,4.209908333
2023/10/13 6:00,1.8138396,4.161020833
2023/10/13 12:00,2.1228802,4.242783333
2023/10/13 18:00,2.23212,2.015691667
2023/10/14 0:00,2.0045488,2.455545833
2023/10/14 6:00,3.3410492,1.571975
2023/10/14 12:00,1.8448119,3.077754167
2023/10/14 18:00,1.582814,2.868275
2023/10/15 0:00,2.5155885,5.088195833
2023/10/15 6:00,2.199657,4.108166667
2023/10/15 12:00,1.443213,2.194275
2023/10/15 18:00,2.2454016,8.853
2023/10/16 0:00,1.7490579,8.3713625
2023/10/16 6:00,1.8311127,7.318895833
2023/10/16 12:00,4.1349206,3.8042
2023/10/16 18:00,2.8684406,5.4662875
2023/10/17 0:00,3.2201757,3.818966667
2023/10/17 6:00,2.2468464,5.696129167
2023/10/17 12:00,2.2756715,6.001775
2023/10/17 18:00,1.7103697,7.997791667
2023/10/18 0:00,2.2719243,4.721195833
2023/10/18 6:00,3.4365048,4.900570833
2023/10/18 12:00,3.31904,5.460425
2023/10/18 18:00,4.3042727,4.505879167
2023/10/19 0:00,2.7609613,2.3116125
2023/10/19 6:00,4.5075784,6.150395833
2023/10/19 12:00,1.8870598,5.660233333
2023/10/19 18:00,1.3468146,5.672808333
2023/10/20 0:00,3.432555,8.101691667
2023/10/20 6:00,4.563751,5.370195833
2023/10/20 12:00,3.416509,3.7786625
2023/10/20 18:00,3.4848373,4.601779167
2023/10/21 0:00,3.434427,7.324483333
2023/10/21 6:00,2.743563,4.3212
2023/10/21 12:00,1.8874482,4.062283333
2023/10/21 18:00,3.0422595,6.23805
2023/10/22 0:00,1.7430046,8.899129167
2023/10/22 6:00,2.0710914,7.80245
2023/10/22 12:00,2.171125,5.841766667
2023/10/22 18:00,2.7348778,8.347954167
2023/10/23 0:00,3.4587097,10.9666625
2023/10/23 6:00,3.2416887,9.440879167
2023/10/23 12:00,2.42532,8.5712125
2023/10/23 18:00,3.721876,9.516045833
2023/10/24 0:00,3.9921875,11.01199583
2023/10/24 6:00,5.381524,8.222283333
2023/10/24 12:00,4.5080013,4.001029167
2023/10/24 18:00,4.6053605,5.160233333
2023/10/25 0:00,3.3950808,8.0841375
2023/10/25 6:00,3.0689917,6.636775
2023/10/25 12:00,2.2731495,4.0035125
2023/10/25 18:00,2.254916,5.6236125
2023/10/26 0:00,2.997248,5.1475125
2023/10/26 6:00,2.7898164,10.24476667
2023/10/26 12:00,2.3232012,6.468604167
2023/10/26 18:00,2.5556235,6.656279167
2023/10/27 0:00,4.11733,2.068379167
2023/10/27 6:00,4.495831,4.051266667
2023/10/27 12:00,2.431723,6.2707625
2023/10/27 18:00,1.8735818,9.007854167
2023/10/28 0:00,1.9375803,9.2848625
2023/10/28 6:00,4.0591216,7.638779167
2023/10/28 12:00,2.6037433,6.345716667
2023/10/28 18:00,2.946075,6.927454167
2023/10/29 0:00,2.6535943,8.368233333
2023/10/29 6:00,3.416689,8.4545125
2023/10/29 12:00,2.4569771,6.976729167
2023/10/29 18:00,2.4001863,9.237604167
2023/10/30 0:00,2.8953648,8.889554167
2023/10/30 6:00,4.569985,4.3741625
2023/10/30 12:00,2.511573,2.348841667
2023/10/30 18:00,3.0662904,1.950704167
2023/10/31 0:00,1.8333849,4.2889375
2023/10/31 6:00,1.3305547,6.7908875
2023/10/31 12:00,1.8266048,4.799025
2023/10/31 18:00,2.134044,10.1598125
2023/11/1 0:00,3.5652342,11.48633333
2023/11/1 6:00,2.961378,7.102533333
2023/11/1 12:00,2.7877393,2.533004167
2023/11/1 18:00,3.9256504,8.1803625
2023/11/2 0:00,3.4932857,11.2447375
2023/11/2 6:00,0.9555965,9.216641667
2023/11/2 12:00,2.049227,6.465270833
2023/11/2 18:00,4.628796,7.600975
2023/11/3 0:00,4.4997454,9.086958333
2023/11/3 6:00,4.2542725,7.575291667
2023/11/3 12:00,2.5005538,4.928270833
2023/11/3 18:00,5.210979,5.53335
2023/11/4 0:00,3.2842042,5.707804167
2023/11/4 6:00,1.9899632,5.494491667
2023/11/4 12:00,2.4509969,3.568775
2023/11/4 18:00,2.2921002,6.06955
2023/11/5 0:00,2.9962897,5.6788625
2023/11/5 6:00,2.7612453,8.8348
2023/11/5 12:00,3.3691688,9.083725
2023/11/5 18:00,2.5768406,7.5237125
2023/11/6 0:00,4.8305693,9.526945833
2023/11/6 6:00,5.788367,9.064145833
2023/11/6 12:00,3.9489133,8.249233333
2023/11/6 18:00,5.926267,2.938991667
2023/11/7 0:00,6.446475,4.3515125
2023/11/7 6:00,7.891523,6.316616667
2023/11/7 12:00,1.6367222,5.0306375
2023/11/7 18:00,2.34055,5.5883625
2023/11/8 0:00,3.2862742,7.852725
2023/11/8 6:00,3.803381,4.513583333
2023/11/8 12:00,2.4102945,2.067716667
2023/11/8 18:00,3.2539093,1.891679167
2023/11/9 0:00,1.9203432,3.832904167
2023/11/9 6:00,1.0940107,10.8383
2023/11/9 12:00,2.0462353,8.1297
2023/11/9 18:00,1.6516366,6.082733333
2023/11/10 0:00,6.973106,8.509095833
2023/11/10 6:00,6.3990173,6.4896125
2023/11/10 12:00,3.3679476,4.133704167
2023/11/10 18:00,3.3580892,2.959604167
2023/11/11 0:00,4.1350274,1.965795833
2023/11/11 6:00,3.5029855,2.4173875
2023/11/11 12:00,2.7367287,2.443625
2023/11/11 18:00,2.1614823,4.305195833
2023/11/12 0:00,2.7792943,4.870345833
2023/11/12 6:00,2.4593666,3.009729167
2023/11/12 12:00,1.7195648,3.743920833
2023/11/12 18:00,1.9021341,2.9496875
2023/11/13 0:00,2.408904,2.829120833
2023/11/13 6:00,4.8369737,1.707141667
2023/11/13 12:00,2.113897,3.78085
2023/11/13 18:00,2.0596614,6.1151
2023/11/14 0:00,1.0847842,7.80975
2023/11/14 6:00,2.583052,7.287195833
2023/11/14 12:00,2.667802,4.120879167
2023/11/14 18:00,2.877303,3.628925
2023/11/15 0:00,2.6044748,4.459445833
2023/11/15 6:00,2.3887098,5.712854167
2023/11/15 12:00,2.5058475,5.043470833
2023/11/15 18:00,1.9181691,6.4246625
2023/11/16 0:00,2.0975034,7.71175
2023/11/16 6:00,2.726626,8.1069625
2023/11/16 12:00,2.9173503,6.663725
2023/11/16 18:00,3.1556928,8.119425
2023/11/17 0:00,5.4052205,9.360329167
2023/11/17 6:00,4.3812575,5.380770833
2023/11/17 12:00,2.8135881,4.778620833
2023/11/17 18:00,6.1394467,3.597279167
2023/11/18 0:00,3.8681345,2.672633333
2023/11/18 6:00,4.88003,6.031925
2023/11/18 12:00,1.8535477,8.095070833
2023/11/18 18:00,1.8263352,11.1084125
2023/11/19 0:00,2.4997008,8.883208333
2023/11/19 6:00,4.9496098,3.0367375
2023/11/19 12:00,4.2132072,3.857916667
2023/11/19 18:00,2.1598685,4.469225
2023/11/20 0:00,1.5150819,6.0248375
2023/11/20 6:00,2.5240424,6.689375
2023/11/20 12:00,2.348007,8.224675
2023/11/20 18:00,2.5818887,9.5725
2023/11/21 0:00,1.9334674,10.05657083
2023/11/21 6:00,4.510188,8.236345833
2023/11/21 12:00,3.343289,5.232091667
2023/11/21 18:00,4.3698215,3.498029167
2023/11/22 0:00,2.981408,4.079758333
2023/11/22 6:00,3.3223002,4.378279167
2023/11/22 12:00,2.1794915,2.202820833
2023/11/22 18:00,1.0793146,4.727466667
2023/11/23 0:00,2.2179177,11.36357083
2023/11/23 6:00,3.0457337,10.9859625
2023/11/23 12:00,2.700072,8.486108333
2023/11/23 18:00,6.775813,7.4872
2023/11/24 0:00,6.3900986,5.3232625
2023/11/24 6:00,6.6674166,3.969695833
2023/11/24 12:00,3.0089617,3.604333333
2023/11/24 18:00,3.2064068,5.822591667
2023/11/25 0:00,2.7213516,5.957483333
2023/11/25 6:00,2.0113542,3.260804167
2023/11/25 12:00,2.1894536,1.617095833
2023/11/25 18:00,2.3787007,2.668925
2023/11/26 0:00,2.2994065,1.5428875
2023/11/26 6:00,2.0887256,2.3457
2023/11/26 12:00,1.4522196,2.77095
2023/11/26 18:00,2.3225996,5.087891667
2023/11/27 0:00,1.4503387,5.682554167
2023/11/27 6:00,1.54211,4.54465
2023/11/27 12:00,2.764082,3.011275
2023/11/27 18:00,1.8693764,5.2304625
2023/11/28 0:00,1.4791191,7.150625
2023/11/28 6:00,2.0686207,4.940608333
2023/11/28 12:00,2.2730613,3.989679167
2023/11/28 18:00,4.809136,5.903333333
2023/11/29 0:00,1.9591875,9.2350125
2023/11/29 6:00,3.0091653,8.20655
2023/11/29 12:00,2.6373842,5.040054167
2023/11/29 18:00,3.3902757,2.42545
2023/11/30 0:00,5.5197687,1.611979167
2023/11/30 6:00,4.3583264,3.206029167
2023/11/30 12:00,1.3130268,4.1523375
2023/11/30 18:00,1.8004928,1.206141667
2023/12/1 0:00,0.93354934,1.844583333
2023/12/1 6:00,2.1174042,2.514658333
2023/12/1 12:00,1.284657,3.561320833
2023/12/1 18:00,2.1161134,6.448491667
2023/12/2 0:00,1.8101797,10.48115417
2023/12/2 6:00,1.4468164,6.8759875
2023/12/2 12:00,2.3748014,3.509379167
2023/12/2 18:00,3.5591385,1.778979167
2023/12/3 0:00,2.30926,1.7440625
2023/12/3 6:00,1.9382329,4.739279167
2023/12/3 12:00,1.692949,6.675933333
2023/12/3 18:00,1.38318,10.366975
2023/12/4 0:00,2.0856597,12.2934375
2023/12/4 6:00,3.8656523,10.34313333
2023/12/4 12:00,3.556743,2.8759625
2023/12/4 18:00,4.5740576,2.389579167
2023/12/5 0:00,3.794623,1.96575
2023/12/5 6:00,1.8458914,4.988891667
2023/12/5 12:00,2.3976302,4.437029167
2023/12/5 18:00,1.6143717,5.442154167
2023/12/6 0:00,1.9639812,8.246883333
2023/12/6 6:00,2.6220517,3.946066667
2023/12/6 12:00,2.5206769,5.429204167
2023/12/6 18:00,5.0935607,10.50367083
2023/12/7 0:00,1.8024997,11.44329583
2023/12/7 6:00,3.434051,11.2316625
2023/12/7 12:00,2.97894,8.511
2023/12/7 18:00,3.1685028,12.12893333
2023/12/8 0:00,3.8950245,10.27844167
2023/12/8 6:00,4.717853,10.49996667
2023/12/8 12:00,4.3223433,6.1320625
2023/12/8 18:00,3.6308954,6.169333333
2023/12/9 0:00,3.1869826,7.6858875
2023/12/9 6:00,3.3633845,10.4100875
2023/12/9 12:00,0.7154208,10.2667875
2023/12/9 18:00,4.0829186,10.40610417
2023/12/10 0:00,5.814246,11.01343333
2023/12/10 6:00,6.751756,11.2141125
2023/12/10 12:00,5.784568,10.253975
2023/12/10 18:00,5.1308546,9.517891667
2023/12/11 0:00,5.824174,9.996058333
2023/12/11 6:00,6.2907863,7.409325
2023/12/11 12:00,5.8075604,5.455175
2023/12/11 18:00,5.8207307,2.968908333
2023/12/12 0:00,4.6632204,2.8108875
2023/12/12 6:00,4.3577313,2.8611375
2023/12/12 12:00,1.5417936,2.167758333
2023/12/12 18:00,1.9733757,3.421779167
2023/12/13 0:00,1.0782043,3.5940375
2023/12/13 6:00,1.697811,4.373666667
2023/12/13 12:00,2.1182795,3.404395833
2023/12/13 18:00,2.8673,3.91125
2023/12/14 0:00,3.3886695,7.318029167
2023/12/14 6:00,2.7479815,9.254529167
2023/12/14 12:00,1.7514484,9.175966667
2023/12/14 18:00,3.7913933,8.276683333
2023/12/15 0:00,5.280196,6.460366667
2023/12/15 6:00,5.4746013,6.594508333
2023/12/15 12:00,5.5213695,4.981145833
2023/12/15 18:00,5.103532,5.22435
2023/12/16 0:00,3.9968958,5.9836625
2023/12/16 6:00,3.549287,5.748404167
2023/12/16 12:00,2.8389683,3.1717125
2023/12/16 18:00,2.8596873,4.351725
2023/12/17 0:00,2.955751,4.937891667
2023/12/17 6:00,2.0537353,2.2293875
2023/12/17 12:00,2.1134744,2.703570833
2023/12/17 18:00,2.8343759,4.2052125
2023/12/18 0:00,1.5558697,5.5933
2023/12/18 6:00,1.1564504,6.016970833
2023/12/18 12:00,2.8314078,4.0199625
2023/12/18 18:00,1.9977381,5.9172375
2023/12/19 0:00,2.211171,5.803129167
2023/12/19 6:00,1.5750155,5.29235
2023/12/19 12:00,3.5345838,6.180829167
2023/12/19 18:00,2.5431252,8.355416667
2023/12/20 0:00,2.4437137,5.272675
2023/12/20 6:00,4.044607,2.833175
2023/12/20 12:00,3.4047365,2.567195833
2023/12/20 18:00,3.2958605,4.749370833
2023/12/21 0:00,1.8183146,4.188916667
2023/12/21 6:00,1.6613289,3.937229167
2023/12/21 12:00,2.4352343,4.224879167
2023/12/21 18:00,2.9288242,6.839970833
2023/12/22 0:00,2.5457299,5.804795833
2023/12/22 6:00,2.5174763,3.464820833
2023/12/22 12:00,2.4135058,2.799729167
2023/12/22 18:00,2.5235715,3.745179167
2023/12/23 0:00,1.7754331,4.845679167
2023/12/23 6:00,1.4822876,3.828179167
2023/12/23 12:00,3.1664493,2.262116667
2023/12/23 18:00,3.307752,3.424475
2023/12/24 0:00,2.5525308,7.003995833
2023/12/24 6:00,1.6605992,6.432158333
2023/12/24 12:00,2.1251688,6.118620833
2023/12/24 18:00,2.8976116,6.301004167
2023/12/25 0:00,2.247278,4.030229167
2023/12/25 6:00,2.8829358,5.217941667
2023/12/25 12:00,2.887695,6.428091667
2023/12/25 18:00,2.6852763,10.6193375
2023/12/26 0:00,2.5284543,10.5513375
2023/12/26 6:00,2.4999702,4.159858333
2023/12/26 12:00,3.4741526,7.6649625
2023/12/26 18:00,3.0490534,8.808266667
2023/12/27 0:00,1.8205189,8.320695833
2023/12/27 6:00,3.056886,6.019533333
2023/12/27 12:00,3.7401788,3.2825875
2023/12/27 18:00,3.175712,2.168420833
2023/12/28 0:00,2.6321898,1.512008333
2023/12/28 6:00,1.2413028,1.294625
2023/12/28 12:00,0.9191851,1.0888125
2023/12/28 18:00,1.7078164,1.692620833
2023/12/29 0:00,0.9255234,1.863233333
2023/12/29 6:00,0.40216985,3.083683333
2023/12/29 12:00,1.1009614,4.664066667
2023/12/29 18:00,1.7334006,3.275775
2023/12/30 0:00,1.2407246,3.331733333
2023/12/30 6:00,1.9549037,3.683425
2023/12/30 12:00,2.1341908,4.5653
2023/12/30 18:00,2.7839909,3.0530875
2023/12/31 0:00,1.010741,1.995783333
2023/12/31 6:00,3.3481696,4.853608333
2023/12/31 12:00,2.3402903,2.9683
2023/12/31 18:00,2.8142056,4.500958333
2024/1/1 0:00,2.6330297,4.629754167
2024/1/1 6:00,3.3958082,4.913779167
2024/1/1 12:00,2.5654297,3.259879167
2024/1/1 18:00,1.7658983,4.104891667
2024/1/2 0:00,1.7776741,4.319125
2024/1/2 6:00,2.6144304,2.705316667
2024/1/2 12:00,2.2688549,2.7501875
2024/1/2 18:00,2.032955,3.691675
2024/1/3 0:00,1.6596324,3.349804167
2024/1/3 6:00,1.618944,1.721179167
2024/1/3 12:00,2.2141006,4.848804167
2024/1/3 18:00,2.2865674,10.75755417
2024/1/4 0:00,2.175143,12.9900625
2024/1/4 6:00,1.7578188,10.1415125
2024/1/4 12:00,3.5254323,6.317533333
2024/1/4 18:00,5.7261233,3.022533333
2024/1/5 0:00,4.7793937,4.7461625
2024/1/5 6:00,3.7691748,3.682091667
2024/1/5 12:00,2.065266,2.08575
2024/1/5 18:00,2.1111283,2.575216667
2024/1/6 0:00,2.0041027,3.503829167
2024/1/6 6:00,0.47095004,7.8728625
2024/1/6 12:00,2.558509,6.006695833
2024/1/6 18:00,1.1544908,2.703941667
2024/1/7 0:00,4.285554,3.362404167
2024/1/7 6:00,4.5321774,3.862116667
2024/1/7 12:00,1.7076545,3.029295833
2024/1/7 18:00,1.8938206,5.653675
2024/1/8 0:00,1.8678356,6.392945833
2024/1/8 6:00,1.7160596,8.1178
2024/1/8 12:00,2.642309,6.3932625
2024/1/8 18:00,2.5194957,2.786666667
2024/1/9 0:00,2.9558868,2.6879875
2024/1/9 6:00,4.504825,5.763033333
2024/1/9 12:00,2.3347774,5.574616667
2024/1/9 18:00,0.52734786,3.307091667
2024/1/10 0:00,3.0493712,2.353058333
2024/1/10 6:00,4.2011266,5.297566667
2024/1/10 12:00,2.0073154,7.275745833
2024/1/10 18:00,1.8235301,11.36160417
2024/1/11 0:00,2.0332,11.9711875
2024/1/11 6:00,4.7241554,8.593133333
2024/1/11 12:00,5.245375,2.2470125
2024/1/11 18:00,5.0761275,2.577329167
2024/1/12 0:00,2.9494793,3.8589875
2024/1/12 6:00,0.7832799,2.313741667
2024/1/12 12:00,2.9402833,1.284804167
2024/1/12 18:00,2.2320395,2.5354625
2024/1/13 0:00,1.4311334,4.039720833
2024/1/13 6:00,0.83915716,3.719604167
2024/1/13 12:00,2.0587373,1.537204167
2024/1/13 18:00,2.1199403,2.538129167
2024/1/14 0:00,3.002078,6.876466667
2024/1/14 6:00,0.94304574,10.22745833
2024/1/14 12:00,1.7396232,5.699716667
2024/1/14 18:00,4.041814,3.495429167
2024/1/15 0:00,5.6075606,2.840833333
2024/1/15 6:00,4.8090615,3.466008333
2024/1/15 12:00,2.5511281,3.51755
2024/1/15 18:00,1.307849,4.839645833
2024/1/16 0:00,1.6970962,5.537325
2024/1/16 6:00,2.1587303,4.237591667
2024/1/16 12:00,2.2081668,1.232570833
2024/1/16 18:00,2.408086,2.060591667
2024/1/17 0:00,2.2803943,2.35825
2024/1/17 6:00,1.5294749,3.480716667
2024/1/17 12:00,1.5313619,2.394366667
2024/1/17 18:00,1.386304,2.912054167
2024/1/18 0:00,1.865008,4.501566667
2024/1/18 6:00,1.7493017,4.679404167
2024/1/18 12:00,1.7190301,6.046716667
2024/1/18 18:00,1.6299037,6.4136
2024/1/19 0:00,3.153326,6.043445833
2024/1/19 6:00,4.40037,7.143816667
2024/1/19 12:00,3.196361,7.63135
2024/1/19 18:00,3.0195959,6.135
2024/1/20 0:00,3.724237,6.051733333
2024/1/20 6:00,5.1322565,5.862391667
2024/1/20 12:00,3.6141055,4.810141667
2024/1/20 18:00,3.3554611,5.3100625
2024/1/21 0:00,3.1105978,2.147725
2024/1/21 6:00,2.7232616,6.89765
2024/1/21 12:00,2.9914157,7.7940375
2024/1/21 18:00,1.7240144,6.429666667
2024/1/22 0:00,4.4582405,7.2644375
2024/1/22 6:00,5.1705976,5.7617125
2024/1/22 12:00,2.7450912,5.528195833
2024/1/22 18:00,4.491159,2.986816667
2024/1/23 0:00,3.429848,4.6462875
2024/1/23 6:00,4.4041753,2.639879167
2024/1/23 12:00,2.0965266,5.31795
2024/1/23 18:00,2.7950513,6.8850375
2024/1/24 0:00,2.1367571,7.037191667
2024/1/24 6:00,3.8527749,3.5354625
2024/1/24 12:00,2.7646167,2.282704167
2024/1/24 18:00,2.3488603,1.756058333
2024/1/25 0:00,1.7274967,2.737304167
2024/1/25 6:00,2.016952,4.301929167
2024/1/25 12:00,0.08473849,4.806304167
2024/1/25 18:00,1.376374,3.858633333
2024/1/26 0:00,1.9200063,2.0062
2024/1/26 6:00,2.8646076,2.655975
2024/1/26 12:00,2.050105,1.6249375
2024/1/26 18:00,2.0935302,2.6974875
2024/1/27 0:00,1.1093391,2.588445833
2024/1/27 6:00,0.6924085,3.133741667
2024/1/27 12:00,1.9309326,2.269408333
2024/1/27 18:00,1.9575742,1.7390375
2024/1/28 0:00,1.3259046,2.341854167
2024/1/28 6:00,2.0530858,3.760425
2024/1/28 12:00,1.5257368,4.042941667
2024/1/28 18:00,2.0016563,3.062379167
2024/1/29 0:00,2.0748172,3.252595833
2024/1/29 6:00,2.8877041,4.295620833
2024/1/29 12:00,3.0584202,3.0430375
2024/1/29 18:00,2.6246426,5.603475
2024/1/30 0:00,2.4207115,4.5403125
2024/1/30 6:00,2.3791597,1.7459125
2024/1/30 12:00,3.3779519,1.948233333
2024/1/30 18:00,2.523494,1.742320833
2024/1/31 0:00,1.0256833,3.829016667
2024/1/31 6:00,0.90384996,4.703645833
2024/1/31 12:00,1.8551141,9.2365
2024/1/31 18:00,1.6760572,8.5690125
2024/2/1 0:00,3.2242107,8.204625
2024/2/1 6:00,6.213769,8.199891667
2024/2/1 12:00,4.8950977,6.6562625
2024/2/1 18:00,4.892559,5.027
2024/2/2 0:00,5.2311206,3.111120833
2024/2/2 6:00,4.5198126,2.869429167
2024/2/2 12:00,2.3281088,4.498470833
2024/2/2 18:00,1.5603538,4.229654167
2024/2/3 0:00,0.71742016,3.811229167
2024/2/3 6:00,1.7965283,4.847545833
2024/2/3 12:00,2.741061,6.29735
2024/2/3 18:00,1.7777731,5.817066667
2024/2/4 0:00,2.757027,4.963879167
2024/2/4 6:00,3.778739,5.699575
2024/2/4 12:00,2.499752,6.114308333
2024/2/4 18:00,1.9122268,5.045333333
2024/2/5 0:00,3.1339784,3.36785
2024/2/5 6:00,4.2350125,2.947575
2024/2/5 12:00,3.2575123,3.038379167
2024/2/5 18:00,2.3370283,1.325125
2024/2/6 0:00,2.394258,1.380233333
2024/2/6 6:00,2.2082052,1.6100625
2024/2/6 12:00,2.2647998,1.587025
2024/2/6 18:00,1.5920739,1.431416667
2024/2/7 0:00,1.1361909,2.957695833
2024/2/7 6:00,1.0615054,4.341241667
2024/2/7 12:00,1.1579721,2.549179167
2024/2/7 18:00,1.3624513,1.565520833
2024/2/8 0:00,2.6802423,1.5761375
2024/2/8 6:00,2.7670138,1.456641667
2024/2/8 12:00,1.5734463,1.575566667
2024/2/8 18:00,1.4764351,4.045120833
2024/2/9 0:00,0.9984578,5.458270833
2024/2/9 6:00,1.3121129,6.4927375
2024/2/9 12:00,1.1558104,3.7536875
2024/2/9 18:00,2.287025,3.231645833
2024/2/10 0:00,3.0396223,5.588358333
2024/2/10 6:00,2.7931666,5.197658333
2024/2/10 12:00,1.6123589,2.887454167
2024/2/10 18:00,2.3230004,1.820045833
2024/2/11 0:00,2.0176578,6.300741667
2024/2/11 6:00,2.3638813,5.971595833
2024/2/11 12:00,1.9914931,4.3862
2024/2/11 18:00,2.4073052,7.678925
2024/2/12 0:00,2.4776626,10.52267083
2024/2/12 6:00,3.2145572,10.070275
2024/2/12 12:00,2.9039185,8.7621125
2024/2/12 18:00,3.1958187,10.3526375
2024/2/13 0:00,3.0179164,12.55115833
2024/2/13 6:00,4.666181,9.39785
2024/2/13 12:00,3.4567814,6.911520833
2024/2/13 18:00,4.365252,6.279629167
2024/2/14 0:00,2.6487522,4.833291667
2024/2/14 6:00,3.0473118,3.7602
2024/2/14 12:00,3.193065,10.65184583
2024/2/14 18:00,2.591524,6.530433333
2024/2/15 0:00,1.2726742,3.4318375
2024/2/15 6:00,7.5141416,2.5204
2024/2/15 12:00,4.668737,2.437433333
2024/2/15 18:00,2.0514145,8.103625
2024/2/16 0:00,0.99723214,11.40477917
2024/2/16 6:00,1.4022994,11.95339167
2024/2/16 12:00,2.810825,12.13528333
2024/2/16 18:00,4.865178,12.60979583
2024/2/17 0:00,5.8720727,11.4439125
2024/2/17 6:00,7.655072,8.685625
2024/2/17 12:00,6.418775,7.013933333
2024/2/17 18:00,6.6923947,6.923229167
2024/2/18 0:00,4.1584806,6.038383333
2024/2/18 6:00,5.5523157,5.365983333
2024/2/18 12:00,2.583622,3.391258333
2024/2/18 18:00,3.2927947,8.192316667
2024/2/19 0:00,2.7304847,10.15687083
2024/2/19 6:00,2.3062043,7.710829167
2024/2/19 12:00,4.8510337,7.097916667
2024/2/19 18:00,6.237726,6.550633333
2024/2/20 0:00,4.242223,7.620366667
2024/2/20 6:00,6.099144,9.756275
2024/2/20 12:00,4.564568,10.61832917
2024/2/20 18:00,4.2257133,8.805504167
2024/2/21 0:00,6.5009212,8.214770833
2024/2/21 6:00,6.8952723,8.087083333
2024/2/21 12:00,6.3167963,7.741808333
2024/2/21 18:00,6.0286064,5.705225
2024/2/22 0:00,5.7081914,7.198329167
2024/2/22 6:00,5.3754263,5.531333333
2024/2/22 12:00,3.4704235,5.911025
2024/2/22 18:00,2.9889286,3.691404167
2024/2/23 0:00,3.156348,1.637366667
2024/2/23 6:00,4.310554,3.312616667
2024/2/23 12:00,2.2701652,5.027695833
2024/2/23 18:00,1.679652,5.067666667
2024/2/24 0:00,1.39387,3.172383333
2024/2/24 6:00,3.4421492,2.123379167
2024/2/24 12:00,1.8172756,1.289995833
2024/2/24 18:00,1.3928097,2.4347875
2024/2/25 0:00,1.4580042,3.492616667
2024/2/25 6:00,1.6239741,3.421366667
2024/2/25 12:00,1.4466447,2.672208333
2024/2/25 18:00,2.1020324,4.025720833
2024/2/26 0:00,1.402786,4.877395833
2024/2/26 6:00,2.7502704,7.199645833
2024/2/26 12:00,2.909142,5.095966667
2024/2/26 18:00,1.6294676,5.508166667
2024/2/27 0:00,3.2438505,6.144158333
2024/2/27 6:00,3.298907,4.81035
2024/2/27 12:00,2.526991,4.8178875
2024/2/27 18:00,2.603233,4.285920833
2024/2/28 0:00,2.847013,3.936529167
2024/2/28 6:00,2.8121018,1.195920833
2024/2/28 12:00,2.4693086,4.436316667
2024/2/28 18:00,2.4104218,7.333508333
2024/2/29 0:00,1.1561961,6.350079167
2024/2/29 6:00,3.0078044,7.494125
2024/2/29 12:00,3.953491,5.506491667
2024/2/29 18:00,2.2698627,2.032270833
2024/3/1 0:00,4.3493094,6.024541667
2024/3/1 6:00,4.8944616,4.460691667
2024/3/1 12:00,1.7720786,4.3810625
2024/3/1 18:00,1.5742209,9.356541667
2024/3/2 0:00,0.89845955,11.72235833
2024/3/2 6:00,3.2076516,8.589908333
2024/3/2 12:00,3.2986457,6.5017125
2024/3/2 18:00,5.679566,8.150958333
2024/3/3 0:00,4.612704,10.42067917
2024/3/3 6:00,4.558711,3.960429167
2024/3/3 12:00,2.6636934,5.334816667
2024/3/3 18:00,3.7176273,8.092741667
2024/3/4 0:00,1.4244118,6.790991667
2024/3/4 6:00,3.9014232,3.489229167
2024/3/4 12:00,4.1111355,4.131445833
2024/3/4 18:00,3.4193347,6.152191667
2024/3/5 0:00,2.6422534,5.642379167
2024/3/5 6:00,2.519131,6.798995833
2024/3/5 12:00,3.6041968,6.551191667
2024/3/5 18:00,2.6892655,6.019108333
2024/3/6 0:00,4.2251043,5.081970833
2024/3/6 6:00,4.562781,4.687008333
2024/3/6 12:00,3.8410933,1.976366667
2024/3/6 18:00,2.5367792,1.325070833
2024/3/7 0:00,2.4014628,4.0999125
2024/3/7 6:00,0.6360011,4.800229167
2024/3/7 12:00,1.9987257,4.055904167
2024/3/7 18:00,2.2473824,8.595758333
2024/3/8 0:00,3.167727,8.1656
2024/3/8 6:00,4.4559474,4.361129167
2024/3/8 12:00,3.4764528,2.4678125
2024/3/8 18:00,4.641211,3.669845833
2024/3/9 0:00,2.8166947,6.4915125
2024/3/9 6:00,2.3998976,6.56905
2024/3/9 12:00,2.6710134,7.090533333
2024/3/9 18:00,2.5208192,9.316475
2024/3/10 0:00,2.6718092,10.5329125
2024/3/10 6:00,4.7881985,9.863125
2024/3/10 12:00,3.1273966,8.82595
2024/3/10 18:00,4.640341,9.8587875
2024/3/11 0:00,4.008124,10.02622917
2024/3/11 6:00,5.4364557,7.343975
2024/3/11 12:00,4.3958006,6.586504167
2024/3/11 18:00,4.941319,8.711779167
2024/3/12 0:00,3.1815214,5.773008333
2024/3/12 6:00,4.6271744,2.397945833
2024/3/12 12:00,3.6258712,1.9833875
2024/3/12 18:00,2.2663023,5.040266667
2024/3/13 0:00,2.4315405,8.928575
2024/3/13 6:00,1.2345899,10.00871667
2024/3/13 12:00,2.3158724,6.750075
2024/3/13 18:00,3.188627,7.332925
2024/3/14 0:00,3.6317668,6.8069625
2024/3/14 6:00,3.6619494,5.764525
2024/3/14 12:00,2.2705398,5.996583333
2024/3/14 18:00,2.0487657,9.648620833
2024/3/15 0:00,2.7766292,11.5219
2024/3/15 6:00,4.0543027,9.471116667
2024/3/15 12:00,2.8380542,6.073433333
2024/3/15 18:00,4.4485874,8.1505375
2024/3/16 0:00,4.063537,8.385916667
2024/3/16 6:00,4.055788,6.980483333
2024/3/16 12:00,2.8798618,3.5064375
2024/3/16 18:00,4.105437,4.447770833
2024/3/17 0:00,3.0986829,10.2637
2024/3/17 6:00,3.8251762,7.4833125
2024/3/17 12:00,2.125288,4.925508333
2024/3/17 18:00,6.5147514,5.357870833
2024/3/18 0:00,4.9223437,9.2082125
2024/3/18 6:00,3.3869977,9.8468125
2024/3/18 12:00,3.119867,9.0267375
2024/3/18 18:00,3.4458542,11.5220125
2024/3/19 0:00,4.352075,9.7152
2024/3/19 6:00,5.5307493,3.518995833
2024/3/19 12:00,2.81002,7.231291667
2024/3/19 18:00,6.704722,9.1021
2024/3/20 0:00,1.5081952,8.545116667
2024/3/20 6:00,6.1331916,3.998854167
2024/3/20 12:00,2.504384,2.83365
2024/3/20 18:00,3.4564877,5.139508333
2024/3/21 0:00,0.97605014,7.230925
2024/3/21 6:00,2.0383723,6.565408333
2024/3/21 12:00,2.5552459,8.879833333
2024/3/21 18:00,3.940366,10.37822083
2024/3/22 0:00,3.7074695,7.3779875
2024/3/22 6:00,6.0906086,4.4850875
2024/3/22 12:00,4.8913717,2.799125
2024/3/22 18:00,4.9058604,4.994158333
2024/3/23 0:00,2.8417277,3.120429167
2024/3/23 6:00,3.3642101,6.293366667
2024/3/23 12:00,1.5402497,8.237166667
2024/3/23 18:00,2.4985406,9.022658333
2024/3/24 0:00,2.7310836,6.8571
2024/3/24 6:00,4.2661443,7.602575
2024/3/24 12:00,4.797068,9.997879167
2024/3/24 18:00,3.9927025,8.999433333
2024/3/25 0:00,3.3512533,5.101945833
2024/3/25 6:00,5.9959383,3.955808333
2024/3/25 12:00,5.8625755,3.07795
2024/3/25 18:00,4.6476903,3.224166667
2024/3/26 0:00,2.6673234,4.795241667
2024/3/26 6:00,2.5141513,6.288758333
2024/3/26 12:00,2.5443363,8.195820833
2024/3/26 18:00,1.8157682,11.05002083
2024/3/27 0:00,2.6506793,11.645475
2024/3/27 6:00,4.7750525,11.74836667
2024/3/27 12:00,4.939602,11.2858
2024/3/27 18:00,6.394486,9.339891667
2024/3/28 0:00,4.7030926,7.4649
2024/3/28 6:00,7.056609,3.874958333
2024/3/28 12:00,5.583822,3.5739125
2024/3/28 18:00,4.1547093,9.8615375
2024/3/29 0:00,1.154849,8.2618375
2024/3/29 6:00,2.7731016,4.750125
2024/3/29 12:00,3.317132,2.554933333
2024/3/29 18:00,4.267556,4.7544625
2024/3/30 0:00,2.2705104,4.2383875
2024/3/30 6:00,0.92904896,5.374716667
2024/3/30 12:00,2.8121448,3.0425625
2024/3/30 18:00,2.5609815,9.576208333
2024/3/31 0:00,4.081474,10.19297917
2024/3/31 6:00,3.6595829,9.699791667
2024/3/31 12:00,4.0156474,4.584658333
2024/3/31 18:00,3.6856463,3.530795833
2024/4/1 0:00,3.5477624,3.2453625
2024/4/1 6:00,2.278408,3.8248875
2024/4/1 12:00,2.6201,4.983458333
2024/4/1 18:00,1.8422112,6.472783333
2024/4/2 0:00,2.46655,5.846129167
2024/4/2 6:00,2.2992978,6.310208333
2024/4/2 12:00,4.4986167,8.2731375
2024/4/2 18:00,3.2817268,7.9006875
2024/4/3 0:00,4.281453,7.308641667
2024/4/3 6:00,5.8491983,8.682395833
2024/4/3 12:00,4.6659446,4.865608333
2024/4/3 18:00,4.3257627,2.5255125
2024/4/4 0:00,5.7929854,2.17945
2024/4/4 6:00,4.353846,3.5396875
2024/4/4 12:00,1.6342076,3.501154167
2024/4/4 18:00,0.9984974,4.9607125
2024/4/5 0:00,0.6167037,3.5124
2024/4/5 6:00,1.9870971,4.943620833
2024/4/5 12:00,3.0803251,6.2056625
2024/4/5 18:00,1.681931,7.984020833
2024/4/6 0:00,2.342054,7.927204167
2024/4/6 6:00,3.7253554,6.51475
2024/4/6 12:00,2.7600484,7.1587
2024/4/6 18:00,3.125177,9.097258333
2024/4/7 0:00,2.6317048,9.347420833
2024/4/7 6:00,4.0987983,5.0527875
2024/4/7 12:00,2.4241495,3.840758333
2024/4/7 18:00,3.5741572,5.435970833
2024/4/8 0:00,1.6570513,5.985758333
2024/4/8 6:00,1.9523544,4.1534875
2024/4/8 12:00,2.196015,8.818308333
2024/4/8 18:00,2.2971666,9.578370833
2024/4/9 0:00,2.0276477,8.727208333
2024/4/9 6:00,5.5166435,7.238925
2024/4/9 12:00,5.542068,3.897695833
2024/4/9 18:00,3.529377,3.9061375
2024/4/10 0:00,4.1188254,2.424095833
2024/4/10 6:00,2.5514593,1.6771875
2024/4/10 12:00,1.9260229,4.400045833
2024/4/10 18:00,1.5138263,5.221733333
2024/4/11 0:00,1.2890127,5.03365
2024/4/11 6:00,4.2297044,7.65305
2024/4/11 12:00,2.265837,7.586333333
2024/4/11 18:00,2.647966,10.946425
2024/4/12 0:00,3.0460835,10.64955417
2024/4/12 6:00,4.972667,8.987904167
2024/4/12 12:00,3.7385082,7.304475
2024/4/12 18:00,5.4204035,10.00348333
2024/4/13 0:00,4.4977016,9.963108333
2024/4/13 6:00,4.854257,6.7144625
2024/4/13 12:00,3.5662177,3.925945833
2024/4/13 18:00,4.111992,6.7244625
2024/4/14 0:00,3.015874,5.0633625
2024/4/14 6:00,4.6765513,2.89085
2024/4/14 12:00,3.3404782,2.396633333
2024/4/14 18:00,3.7940104,1.833375
2024/4/15 0:00,3.3791692,4.6006125
2024/4/15 6:00,0.9381252,4.017441667
2024/4/15 12:00,1.3437874,4.411333333
2024/4/15 18:00,1.877744,1.952041667
2024/4/16 0:00,1.8846717,4.231329167
2024/4/16 6:00,3.5663,3.903895833
2024/4/16 12:00,1.7362721,1.603629167
2024/4/16 18:00,3.7597759,2.405629167
2024/4/17 0:00,2.4319906,3.313395833
2024/4/17 6:00,0.7432404,3.150116667
2024/4/17 12:00,2.3414679,3.5705125
2024/4/17 18:00,2.4291863,7.103829167
2024/4/18 0:00,1.8646038,8.901866667
2024/4/18 6:00,1.7612116,7.278033333
2024/4/18 12:00,2.2848558,5.9506875
2024/4/18 18:00,3.6144547,4.739008333
2024/4/19 0:00,3.1142828,4.144066667
2024/4/19 6:00,3.7228932,2.820291667
2024/4/19 12:00,2.8175335,6.993283333
2024/4/19 18:00,2.3602955,7.5896375
2024/4/20 0:00,0.69565445,4.570754167
2024/4/20 6:00,3.8201168,3.883375
2024/4/20 12:00,4.951001,4.487045833
2024/4/20 18:00,3.4549081,4.564391667
2024/4/21 0:00,3.359503,2.994233333
2024/4/21 6:00,4.068942,2.513279167
2024/4/21 12:00,2.9404671,1.328554167
2024/4/21 18:00,1.2052169,2.342004167
2024/4/22 0:00,1.8753606,3.164416667
2024/4/22 6:00,0.5095027,5.2857375
2024/4/22 12:00,2.2971447,4.670583333
2024/4/22 18:00,2.1027467,5.7403875
2024/4/23 0:00,2.2256715,6.524925
2024/4/23 6:00,3.8957493,7.016291667
2024/4/23 12:00,2.4022696,5.7290375
2024/4/23 18:00,3.2069442,4.928845833
2024/4/24 0:00,5.347453,4.7020375
2024/4/24 6:00,6.0252447,5.221245833
2024/4/24 12:00,1.7670527,6.28545
2024/4/24 18:00,1.3204019,10.94632917
2024/4/25 0:00,2.4509857,12.30378333
2024/4/25 6:00,4.2564073,10.3698
2024/4/25 12:00,3.866589,9.1522875
2024/4/25 18:00,6.403469,11.38097917
2024/4/26 0:00,4.117909,11.46092083
2024/4/26 6:00,5.931387,8.793279167
2024/4/26 12:00,4.0369644,6.625166667
2024/4/26 18:00,4.9436483,6.3869875
2024/4/27 0:00,3.713682,9.000366667
2024/4/27 6:00,4.50419,5.566220833
2024/4/27 12:00,2.599904,3.7499125
2024/4/27 18:00,3.4125,7.646558333
2024/4/28 0:00,2.8971632,6.182954167
2024/4/28 6:00,2.0284097,5.472820833
2024/4/28 12:00,5.191165,7.7779
2024/4/28 18:00,2.802623,8.334529167
2024/4/29 0:00,3.181971,6.418270833
2024/4/29 6:00,5.159841,4.847766667
2024/4/29 12:00,4.8716407,5.3714625
2024/4/29 18:00,3.572681,4.608875
2024/4/30 0:00,3.728359,3.219608333
2024/4/30 6:00,4.50724,2.741629167
2024/4/30 12:00,3.1566803,2.149258333
2024/4/30 18:00,1.1874409,4.79785
2024/5/1 0:00,1.8260565,7.257245833
2024/5/1 6:00,2.1475897,4.986441667
2024/5/1 12:00,2.1180065,4.394
2024/5/1 18:00,2.762536,5.765079167
2024/5/2 0:00,1.9469374,6.079191667
2024/5/2 6:00,3.1406052,6.011145833
2024/5/2 12:00,2.6571505,5.718020833
2024/5/2 18:00,2.2640927,2.630275
2024/5/3 0:00,2.440672,3.030520833
2024/5/3 6:00,4.120164,1.846595833
2024/5/3 12:00,2.0096645,2.3115625
2024/5/3 18:00,2.1915977,4.082904167
2024/5/4 0:00,0.50376713,6.8646125
2024/5/4 6:00,1.8691183,6.7042125
2024/5/4 12:00,0.85687923,3.731375
2024/5/4 18:00,3.0861416,3.546391667
2024/5/5 0:00,3.7818599,2.4682375
2024/5/5 6:00,2.168672,2.029383333
2024/5/5 12:00,2.5200355,1.329970833
2024/5/5 18:00,1.1896821,2.683166667
2024/5/6 0:00,1.3471854,4.0395625
2024/5/6 6:00,0.7410627,2.760991667
2024/5/6 12:00,1.2440783,4.2382
2024/5/6 18:00,1.7127266,6.893879167
2024/5/7 0:00,0.77481365,3.251770833
2024/5/7 6:00,2.6833103,3.383829167
2024/5/7 12:00,1.4165021,3.567125
2024/5/7 18:00,1.7855884,6.662579167
2024/5/8 0:00,0.74320215,4.908833333
2024/5/8 6:00,2.4080093,3.957
2024/5/8 12:00,3.1418574,5.103741667
2024/5/8 18:00,2.129464,8.839108333
2024/5/9 0:00,1.5616602,12.2113125
2024/5/9 6:00,3.6231248,11.27017917
2024/5/9 12:00,3.1569362,10.6675875
2024/5/9 18:00,5.4145584,11.35298333
2024/5/10 0:00,4.8222804,11.80274167
2024/5/10 6:00,6.9415464,10.60643333
2024/5/10 12:00,5.722102,10.51670833
2024/5/10 18:00,6.768437,6.188591667
2024/5/11 0:00,5.1762815,8.49965
2024/5/11 6:00,7.458804,3.152279167
2024/5/11 12:00,5.109491,6.096275
2024/5/11 18:00,6.9558578,2.914758333
2024/5/12 0:00,1.7723353,3.647591667
2024/5/12 6:00,5.3607974,4.8955125
2024/5/12 12:00,1.3960015,3.087020833
2024/5/12 18:00,2.1597495,2.8434
2024/5/13 0:00,1.9536968,6.4983
2024/5/13 6:00,3.5659053,5.322983333
2024/5/13 12:00,1.5660828,6.882833333
2024/5/13 18:00,2.2761636,9.7249625
2024/5/14 0:00,2.722664,12.892075
2024/5/14 6:00,4.4188633,10.1435125
2024/5/14 12:00,3.466727,3.1783875
2024/5/14 18:00,5.0332165,10.06264167
2024/5/15 0:00,4.888677,7.9632
2024/5/15 6:00,2.4920907,7.0174125
2024/5/15 12:00,4.3797097,2.884491667
2024/5/15 18:00,5.6981344,6.429283333
2024/5/16 0:00,4.784933,11.8952375
2024/5/16 6:00,3.3012345,11.26960833
2024/5/16 12:00,2.4748483,9.424220833
2024/5/16 18:00,4.411564,10.65861667
2024/5/17 0:00,4.849325,8.8460875
2024/5/17 6:00,5.7812004,4.566291667
2024/5/17 12:00,4.072526,2.3772
2024/5/17 18:00,4.165402,1.829866667
2024/5/18 0:00,2.6883,1.246816667
2024/5/18 6:00,1.6168948,1.290708333
2024/5/18 12:00,1.8785815,1.80405
2024/5/18 18:00,0.49131912,4.451879167
2024/5/19 0:00,1.1484543,9.362925
2024/5/19 6:00,1.9916656,8.893858333
2024/5/19 12:00,1.7861428,5.644008333
2024/5/19 18:00,3.3886614,10.00019167
2024/5/20 0:00,3.7695935,7.961529167
2024/5/20 6:00,2.6975558,7.006833333
2024/5/20 12:00,6.9335794,4.571058333
2024/5/20 18:00,4.907821,5.723966667
2024/5/21 0:00,3.9204779,4.83325
2024/5/21 6:00,2.7559936,2.1298625
2024/5/21 12:00,2.2822595,2.5584125
2024/5/21 18:00,2.1403143,3.016841667
2024/5/22 0:00,1.5329847,5.71935
2024/5/22 6:00,1.0852371,7.99
2024/5/22 12:00,0.69168425,7.476525
2024/5/22 18:00,2.4660993,9.037975
2024/5/23 0:00,3.802092,11.92005833
2024/5/23 6:00,4.8421764,8.841383333
2024/5/23 12:00,3.7309935,6.2043
2024/5/23 18:00,5.042627,7.250841667
2024/5/24 0:00,4.847476,6.967733333
2024/5/24 6:00,4.845709,5.721408333
2024/5/24 12:00,2.9814544,5.601645833
2024/5/24 18:00,4.084713,7.4468625
2024/5/25 0:00,4.7541685,6.618395833
2024/5/25 6:00,3.5880642,2.899491667
2024/5/25 12:00,4.6156187,3.285341667
2024/5/25 18:00,2.8225915,4.0953875
2024/5/26 0:00,2.058476,2.910595833
2024/5/26 6:00,0.19085883,3.951408333
2024/5/26 12:00,2.9547358,5.402854167
2024/5/26 18:00,1.6419351,2.444391667
2024/5/27 0:00,1.9926329,4.857354167
2024/5/27 6:00,5.5903506,4.1171125
2024/5/27 12:00,2.3728704,3.010729167
2024/5/27 18:00,2.0285373,3.9713875
2024/5/28 0:00,2.4229383,5.171454167
2024/5/28 6:00,2.0671594,3.744245833
2024/5/28 12:00,2.4034355,4.132883333
2024/5/28 18:00,2.1856928,6.5562875
2024/5/29 0:00,2.0561697,11.769225
2024/5/29 6:00,3.2180707,10.25570417
2024/5/29 12:00,2.7250614,8.824945833
2024/5/29 18:00,4.706232,9.563691667
2024/5/30 0:00,4.7689404,10.06276667
2024/5/30 6:00,6.3380027,6.7679875
2024/5/30 12:00,4.525055,4.7295875
2024/5/30 18:00,3.3633392,6.090658333
2024/5/31 0:00,3.2931852,9.289316667
2024/5/31 6:00,3.1386297,8.682279167
2024/5/31 12:00,2.1924572,6.332925
2024/5/31 18:00,3.1444829,6.654345833
2024/6/1 0:00,3.9993303,2.500679167
2024/6/1 6:00,4.5578465,2.0761375
2024/6/1 12:00,3.074879,3.152691667
2024/6/1 18:00,1.4544673,6.711341667
2024/6/2 0:00,1.3213782,10.9172125
2024/6/2 6:00,2.5430121,7.9821875
2024/6/2 12:00,2.1395175,4.227525
2024/6/2 18:00,3.5151668,3.073158333
2024/6/3 0:00,3.5694458,1.978154167
2024/6/3 6:00,2.9385674,1.712833333
2024/6/3 12:00,2.5383315,2.475508333
2024/6/3 18:00,1.6473281,6.870520833
2024/6/4 0:00,0.9390636,7.38405
2024/6/4 6:00,1.0596302,5.34365
2024/6/4 12:00,2.579838,3.389129167
2024/6/4 18:00,3.2893634,5.3153625
2024/6/5 0:00,1.8850149,7.6749
2024/6/5 6:00,2.9166527,6.045658333
2024/6/5 12:00,2.8442314,3.9490625
2024/6/5 18:00,2.7889287,4.112716667
2024/6/6 0:00,3.068418,8.3025375
2024/6/6 6:00,1.1979961,6.595183333
2024/6/6 12:00,0.78141713,4.755029167
2024/6/6 18:00,2.414268,7.453708333
2024/6/7 0:00,2.7400131,8.969270833
2024/6/7 6:00,2.9788008,8.3204625
2024/6/7 12:00,1.759194,8.037170833
2024/6/7 18:00,3.6794755,3.053170833
2024/6/8 0:00,4.5665846,2.9643
2024/6/8 6:00,4.7476664,1.588108333
2024/6/8 12:00,3.9781044,5.827558333
2024/6/8 18:00,0.7728652,7.974508333
2024/6/9 0:00,0.2960227,9.988079167
2024/6/9 6:00,3.6397467,5.2857125
2024/6/9 12:00,3.4300215,2.517475
2024/6/9 18:00,3.7624068,6.637958333
2024/6/10 0:00,2.2538996,5.782875
2024/6/10 6:00,0.9893818,6.0229125
2024/6/10 12:00,2.6621692,5.193004167
2024/6/10 18:00,2.536783,5.170716667
2024/6/11 0:00,0.8575403,7.996920833
2024/6/11 6:00,3.2058356,9.001179167
2024/6/11 12:00,2.1562793,8.9245
2024/6/11 18:00,4.119023,8.775758333
2024/6/12 0:00,4.7032475,8.9245
2024/6/12 6:00,6.7943587,8.9245
2024/6/12 12:00,2.2095346,8.9245
2024/6/12 18:00,4.5152435,8.9245
2024/6/13 0:00,3.326824,8.7757625
2024/6/13 6:00,3.2915256,8.9245
2024/6/13 12:00,2.1053636,8.9245
2024/6/13 18:00,3.7461963,8.9245
2024/6/14 0:00,3.822918,8.9245
2024/6/14 6:00,5.5032454,8.9245
2024/6/14 12:00,4.0746913,8.9245
2024/6/14 18:00,2.3357413,5.614516667
2024/6/15 0:00,2.144187,4.388070833
2024/6/15 6:00,3.5952775,3.096979167
2024/6/15 12:00,1.548854,4.7285375
2024/6/15 18:00,0.72775716,6.962404167
2024/6/16 0:00,2.349753,6.881758333
2024/6/16 6:00,2.980353,3.729141667
2024/6/16 12:00,3.5322905,4.482041667
2024/6/16 18:00,2.5939052,5.031320833
2024/6/17 0:00,0.76787275,5.2769125
2024/6/17 6:00,1.8192313,6.231116667
2024/6/17 12:00,2.0131567,6.065133333
2024/6/17 18:00,2.511299,6.114475
2024/6/18 0:00,2.839022,9.640158333
2024/6/18 6:00,4.001154,8.7603
2024/6/18 12:00,2.3312712,8.038033333
2024/6/18 18:00,3.9527724,7.871795833
2024/6/19 0:00,4.1786394,9.143270833
2024/6/19 6:00,5.3870854,6.6368125
2024/6/19 12:00,3.5219646,3.518575
2024/6/19 18:00,3.5877838,4.4448375
2024/6/20 0:00,2.8113642,7.975733333
2024/6/20 6:00,3.370245,3.932416667
2024/6/20 12:00,2.1102793,2.759054167
2024/6/20 18:00,2.8140726,6.278208333
2024/6/21 0:00,1.8862749,6.656445833
2024/6/21 6:00,1.8946061,4.221516667
2024/6/21 12:00,2.4387846,5.254275
2024/6/21 18:00,2.6652627,2.623208333
2024/6/22 0:00,1.8010948,2.604904167
2024/6/22 6:00,1.6377836,1.802920833
2024/6/22 12:00,1.8214142,3.633404167
2024/6/22 18:00,0.84089,7.757070833
2024/6/23 0:00,1.4583266,3.2095125
2024/6/23 6:00,2.6953826,4.558254167
2024/6/23 12:00,2.3825207,6.767625
2024/6/23 18:00,1.926378,5.950854167
2024/6/24 0:00,0.8717802,3.177695833
2024/6/24 6:00,5.234667,3.305679167
2024/6/24 12:00,2.7731445,3.2100625
2024/6/24 18:00,1.3970728,4.867941667
2024/6/25 0:00,2.5548675,5.945045833
2024/6/25 6:00,2.3479087,3.63995
2024/6/25 12:00,1.2217364,2.737645833
2024/6/25 18:00,1.933101,3.336908333
2024/6/26 0:00,1.6510594,8.456745833
2024/6/26 6:00,1.6650447,6.5841625
2024/6/26 12:00,1.5887024,4.9850375
2024/6/26 18:00,2.7559536,6.126983333
2024/6/27 0:00,3.3235545,10.20696667
2024/6/27 6:00,3.3674462,6.340366667
2024/6/27 12:00,1.8997089,4.260266667
2024/6/27 18:00,4.565948,3.270304167
2024/6/28 0:00,3.1558704,7.660270833
2024/6/28 6:00,3.7251065,6.2435625
2024/6/28 12:00,2.189177,4.7330375
2024/6/28 18:00,3.2447436,4.433141667
2024/6/29 0:00,3.5256386,7.251620833
2024/6/29 6:00,3.6122797,3.8128375
2024/6/29 12:00,1.8826565,1.226041667
2024/6/29 18:00,2.774084,4.672554167
2024/6/30 0:00,1.9234664,4.818204167
2024/6/30 6:00,1.6881503,3.216554167
2024/6/30 12:00,1.9791077,4.941829167
2024/6/30 18:00,2.5646472,6.6150375
